\bsansy	𝘆
\bscra	𝓪
\1/8	⅛
\guilsinglright	›
\blacktriangleright	▶
\bisansc	𝙘
\^4	⁴
\Re	ℜ
\pitchfork	⋔
\bisanskappa	𝞳
\bbz	𝕫
\blockqtrshaded	░
\urcorner	⌝
\frakY	𝔜
\^2	²
\pi	π
\nless	≮
\sqsubseteq	⊑
\Updownarrow	⇕
\leftarrowbsimilar	⭋
\bbF	𝔽
\nrightarrow	↛
\bsansPi	𝝥
\sansseven	𝟩
\Theta	Θ
\rightmoon	☽
\bscrV	𝓥
\ttc	𝚌
\upsilon	υ
\bfrakq	𝖖
\copyright	©
\npreccurlyeq	⋠
\bfrakL	𝕷
\fltns	⏥
\bbN	ℕ
\smile	⌣
\bisansX	𝙓
\rdq	”
\0/3	↉
\backsimeq	⋍
\bitau	𝝉
\bisansD	𝘿
\hvlig	ƕ
\lq	‘
\mapsfrom	↤
\blockrighthalf	▐
\perp	⟂
\biS	𝑺
\bscrB	𝓑
\ttn	𝚗
\bitheta	𝜽
\ldq	“
\timesbar	⨱
\bik	𝒌
\bsanskappa	𝝹
\llcorner	⌞
\bigtimes	⨉
\circleddash	⊝
\bsansI	𝗜
\leftharpoondown	↽
\alpha	α
\between	≬
\^l	ˡ
\frown	⌢
\RoundImplies	⥰
\blockthreeqtrshaded	▓
\bsansthree	𝟯
\precneqq	⪵
\urblacktriangle	◥
\succeqq	⪴
\nsupseteq	⊉
\bfvarkappa	𝛞
\iota	ι
\overbrace	⏞
\danger	☡
\fraki	𝔦
\rightharpoondown	⇁
\tilde	̃
\RRightarrow	⭆
\sansg	𝗀
\bisansh	𝙝
\itimath	𝚤
\bisansMu	𝞛
\isansZ	𝘡
\rightleftarrows	⇄
\impliedby	⟸
\succapprox	⪸
\Rsh	↱
\sumint	⨋
\bsansvarrho	𝞎
\pointint	⨕
\fdiagovnearrow	⤯
\plussubtwo	⨧
\original	⊶
\nvtwoheadleftarrow	⬴
\bfQ	𝐐
\biw	𝒘
\bsanspartial	𝞉
\bfo	𝐨
\nBumpeq	≎̸
\bisanssigma	𝞼
\frakD	𝔇
\nleftrightarrow	↮
\clockoint	⨏
\scrs	𝓈
\Im	ℑ
\bsansK	𝗞
\sampi	ϡ
\bisansvarrho	𝟈
\whtvertoval	⬯
\rarrx	⥇
\smallin	∊
\underleftarrow	⃮
\itx	𝑥
\measangledltosw	⦯
\eqqsim	⩳
\bij	𝒋
\ttW	𝚆
\leo	♌
\bfrakV	𝖁
\bfrakR	𝕽
\smallblacktriangleright	▸
\DownArrowBar	⤓
\surd	√
\leftwhitearrow	⇦
\bsansChi	𝝬
\ge	≥
\rttrnr	ɻ
\bbk	𝕜
\twoheaddownarrow	↡
\ointctrclockwise	∳
\squareulquad	◰
\amalg	⨿
\bagmember	⋿
\fraku	𝔲
\ElOr	⩖
\bfvarTheta	𝚹
\biKappa	𝜥
\turnangle	⦢
\Otimes	⨷
\wideutilde	̰
\isansp	𝘱
\trianglerightblack	◮
\bfr	𝐫
\frakM	𝔐
\frakS	𝔖
\uparrow	↑
\nvleftarrowtail	⬹
\frakG	𝔊
\_4	₄
\measangledrtose	⦮
\biXi	𝜩
\bisansvarpi	𝟉
\doubleplus	⧺
\plussim	⨦
\rvboxline	⎹
\bfnu	𝛎
\Game	⅁
\sterling	£
\bscrs	𝓼
\_x	ₓ
\sanseight	𝟪
\NestedGreaterGreater	⪢
\pentagon	⬠
\supmult	⫂
\bfu	𝐮
\sansLturned	⅂
\frakU	𝔘
\bumpeqq	⪮
\nVDash	⊯
\leftarrowtriangle	⇽
\itgamma	𝛾
\nvRightarrow	⤃
\lnsim	⋦
\downharpoonsleftright	⥥
\yen	¥
\bbB	𝔹
\isanss	𝘴
\theta	θ
\gnapprox	⪊
\itjmath	𝚥
\twoheaduparrowcircle	⥉
\bfZ	𝐙
\smallblacktriangleleft	◂
\bftau	𝛕
\male	♂
\LeftUpVectorBar	⥘
\NotLeftTriangleBar	⧏̸
\nRightarrow	⇏
\1/	⅟
\bfrakm	𝖒
\bigslopedvee	⩗
\blocklowhalf	▄
\veedoublebar	⩣
\forks	⫝̸
\Alpha	Α
\backepsilon	϶
\nsucccurlyeq	⋡
\scrc	𝒸
\bbK	𝕂
\psi	ψ
\biU	𝑼
\ng	ŋ
\eqdef	≝
\gesdotol	⪄
\botsemicircle	◡
\eqqslantless	⪛
\fraks	𝔰
\updownharpoonrightleft	⥌
\bisansj	𝙟
\Sampi	Ϡ
\l	ł
\bisansNu	𝞜
\olessthan	⧀
\star	⋆
\overleftarrow	⃖
\bsanseight	𝟴
\Downarrow	⇓
\lvertneqq	≨︀
\bfS	𝐒
\isansF	𝘍
\^J	ᴶ
\Longmapsto	⟾
\S	§
\gesdot	⪀
\bsansz	𝘇
\rtld	ɖ
\itrho	𝜌
\NotLessLess	≪̸
\backppprime	‷
\leftdotarrow	⬸
\omega	ω
\itNu	𝛮
\fisheye	◉
\NotSquareSubset	⊏̸
\bsansseven	𝟳
\boxcircle	⧇
\sbbrg	̪
\isansu	𝘶
\sansy	𝗒
\visiblespace	␣
\glE	⪒
\squarebotblack	⬓
\Bumpeq	≎
\gtreqless	⋛
\daleth	ℸ
\dottimes	⨰
\twocaps	⩋
\csub	⫏
\bscrA	𝓐
\recorder	⌕
\cupvee	⩅
\bsansTheta	𝝝
\biB	𝑩
\frakN	𝔑
\isansc	𝘤
\bbR	ℝ
\bbD	𝔻
\Elroang	⦆
\forksnot	⫝
\asteraccent	⃰
\leftharpoonupdash	⥪
\bfG	𝐆
\bsanstheta	𝝷
\^D	ᴰ
\bsansupsilon	𝞄
\Angle	⦜
\shuffle	⧢
\wedgemidvert	⩚
\dicev	⚄
\ReverseUpEquilibrium	⥯
\2/5	⅖
\_3	₃
\itC	𝐶
\bisansH	𝙃
\bisansL	𝙇
\ttK	𝙺
\scrk	𝓀
\bsansW	𝗪
\_phi	ᵩ
\clomeg	ɷ
\^)	⁾
\rightleftharpoons	⇌
\varisins	⋳
\blacksmiley	☻
\ddfnc	⦙
\bfgamma	𝛄
\bsansUpsilon	𝝪
\isansP	𝘗
\scrg	ℊ
\ttB	𝙱
\bigwhitestar	☆
\bigblacktriangleup	▲
\isanse	𝘦
\circlevertfill	◍
\rais	˔
\frakk	𝔨
\nVtwoheadleftarrow	⬵
\ttI	𝙸
\checkmark	✓
\bbh	𝕙
\itA	𝐴
\bfrakn	𝖓
\frakA	𝔄
\rl	ɼ
\leftarrowless	⥷
\leftarrowplus	⥆
\sansone	𝟣
\bisansXi	𝞝
\bbt	𝕥
\nsubseteqq	⫅̸
\mars	♂
\ngtr	≯
\bfrho	𝛒
\sansZ	𝖹
\hksearow	⤥
\acidfree	♾
\bbiD	ⅅ
\bisansB	𝘽
\lesssim	≲
\parallelogramblack	▰
\isansl	𝘭
\angles	⦞
\scrn	𝓃
\isansd	𝘥
\boxquestion	⍰
\Sqcap	⩎
\obar	⌽
\bisansg	𝙜
\^W	ᵂ
\bbeight	𝟠
\Colon	∷
\ltphi	ɸ
\frakO	𝔒
\3/4	¾
\bsansomega	𝞈
\sagittarius	♐
\prurel	⊰
\biN	𝑵
\rvbull	◘
\bsansk	𝗸
\sansv	𝗏
\dot	̇
\Omega	Ω
\ttG	𝙶
\verts	ˈ
\perthousand	‰
\bfK	𝐊
\looparrowright	↬
\scrY	𝒴
\scrt	𝓉
\Vert	‖
\isansy	𝘺
\bisansR	𝙍
\bsansDelta	𝝙
\fdiagovrdiag	⤬
\itchi	𝜒
\ngeqslant	⩾̸
\^1	¹
\bivarTheta	𝜭
\itl	𝑙
\bfrakJ	𝕵
\ocommatopright	̕
\bfLambda	𝚲
\_k	ₖ
\biNu	𝜨
\perspcorrespond	⩞
\twoheadrightarrow	↠
\plustrif	⨨
\biV	𝑽
\pluseqq	⩲
\beta	β
\blkhorzoval	⬬
\bsanslambda	𝝺
\bfpartial	𝛛
\c	̧
\blackpointerleft	◄
\twonotes	♫
\mdblkdiamond	⬥
\ttnine	𝟿
\upwhitearrow	⇧
\bsansvarpi	𝞏
\itOmega	𝛺
\approxnotequal	≆
\bft	𝐭
\isansx	𝘹
\sqrt	√
\plusdot	⨥
\bigodot	⨀
\subsetneqq	⫋
\bsimilarleftarrow	⭁
\nvtwoheadrightarrowtail	⤗
\varTheta	ϴ
\bisansY	𝙔
\bbQ	ℚ
\neg	¬
\bscrx	𝔁
\bfxi	𝛏
\barwedge	⊼
\itmu	𝜇
\^m	ᵐ
\biLambda	𝜦
\sansL	𝖫
\ltcc	⪦
\medblackstar	⭑
\itU	𝑈
\Rightarrow	⇒
\bfkappa	𝛋
\leftbkarrow	⤌
\nvtwoheadleftarrowtail	⬼
\bsansvarkappa	𝞌
\scra	𝒶
\Cap	⋒
\itp	𝑝
\bsanss	𝘀
\^I	ᴵ
\aleph	ℵ
\bsansnabla	𝝯
\frakb	𝔟
\xi	ξ
\lessapprox	⪅
\bfz	𝐳
\ddddot	⃜
\bisansnu	𝞶
\_j	ⱼ
\longrightarrow	⟶
\bbW	𝕎
\to	→
\itPsi	𝛹
\varcarriagereturn	⏎
\dottedsquare	⬚
\tti	𝚒
\^o	ᵒ
\lmoustache	⎰
\^h	ʰ
\Equiv	≣
\scrN	𝒩
\pm	±
\ttr	𝚛
\bfXi	𝚵
\prec	≺
\disjquant	⨈
\capwedge	⩄
\accurrent	⏦
\draftingarrow	➛
\bbGamma	ℾ
\measuredangleleft	⦛
\DH	Ð
\circleonleftarrow	⬰
\bfJ	𝐉
\egsdot	⪘
\bsansS	𝗦
\ttU	𝚄
\bbv	𝕧
\bfraks	𝖘
\bsansLambda	𝝠
\itc	𝑐
\openbracketright	⟧
\vec	⃗
\bivartheta	𝝑
\ttC	𝙲
\bisansmu	𝞵
\downharpoonleft	⇃
\phi	ϕ
\sansw	𝗐
\bscrn	𝓷
\lozenge	◊
\circledparallel	⦷
\bfrake	𝖊
\L	Ł
\ni	∋
\nvleftrightarrow	⇹
\itF	𝐹
\ito	𝑜
\itvarkappa	𝜘
\vardiamondsuit	♦
\isansA	𝘈
\itUpsilon	𝛶
\itt	𝑡
\ttH	𝙷
\leftrightharpoonsdown	⥧
\invv	ʌ
\subseteqq	⫅
\profsurf	⌓
\_v	ᵥ
\blockfull	█
\bialpha	𝜶
\widebridgeabove	⃩
\sphericalangleup	⦡
\bfb	𝐛
\bisansTau	𝞣
\bsansAlpha	𝝖
\frakq	𝔮
\heartsuit	♡
\bsansvarphi	𝞅
\bsansH	𝗛
\circledstar	✪
\subset	⊂
\bsanstau	𝞃
\venus	♀
\supsetplus	⫀
\bsansP	𝗣
\thinspace	 
\fallingdotseq	≒
\bisansr	𝙧
\partialmeetcontraction	⪣
\bivarepsilon	𝜺
\bbp	𝕡
\NotNestedLessLess	⪡̸
\bfL	𝐋
\sqlozenge	⌑
\squarecrossfill	▩
\frakC	ℭ
\approx	≈
\bscrO	𝓞
\ttfour	𝟺
\gtrless	≷
\ntriangleleft	⋪
\barvee	⊽
\invwhitelowerhalfcircle	◛
\partial	∂
\pluto	♇
\wedgedoublebar	⩠
\twoheadleftdbkarrow	⬷
\eqqslantgtr	⪜
\turnednot	⌙
\wedgedot	⟑
\kappa	κ
\similarleftarrow	⭉
\bsansu	𝘂
\rtlz	ʐ
\mdsmwhtsquare	◽
\frakx	𝔵
\lescc	⪨
\sanso	𝗈
\whthorzoval	⬭
\isansY	𝘠
\blocklefthalf	▌
\bisansU	𝙐
\bisansvarepsilon	𝞮
\sansq	𝗊
\vardoublebarwedge	⌆
\Vvdash	⊪
\invwhiteupperhalfcircle	◚
\hspace	 
\sansE	𝖤
\rightdotarrow	⤑
\leqslant	⩽
\questeq	≟
\trnr	ɹ
\wp	℘
\bfomicron	𝛐
\frake	𝔢
\bsanschi	𝞆
\wedgeonwedge	⩕
\bisansgamma	𝞬
\ttO	𝙾
\fullouterjoin	⟗
\bscrD	𝓓
\isansj	𝘫
\bfrakS	𝕾
\lmrk	ː
\nHuparrow	⇞
\gamma	γ
\NotGreaterGreater	≫̸
\simgE	⪠
\bsansB	𝗕
\bsansX	𝗫
\bflambda	𝛌
\varstar	✶
\Doteq	≑
\ttD	𝙳
\LLeftarrow	⭅
\trnmlr	ɰ
\bbn	𝕟
\nsubset	⊄
\Equal	⩵
\varhexagon	⬡
\sansr	𝗋
\bsansMu	𝝡
\1/6	⅙
\bkarow	⤍
\bisanso	𝙤
\ttz	𝚣
\bfrakw	𝖜
\bscrq	𝓺
\intcup	⨚
\P	¶
\lneq	⪇
\bfrakF	𝕱
\^e	ᵉ
\napprox	≉
\sansA	𝖠
\ttT	𝚃
\^delta	ᵟ
\varheartsuit	♥
\ltquest	⩻
\bigstar	★
\bisansk	𝙠
\bsansGamma	𝝘
\lesseqgtr	⋚
\smeparsl	⧤
\smblkdiamond	⬩
\tdcol	⫶
\ngeq	≱
\varnothing	∅
\bisansx	𝙭
\rppolint	⨒
\supseteq	⊇
\cirfr	◑
\bisansG	𝙂
\eta	η
\bisansa	𝙖
\bsansU	𝗨
\varrho	ϱ
\itXi	𝛯
\neptune	♆
\^gamma	ᵞ
\lgblkcircle	⬤
\oldKoppa	Ϙ
\Vdash	⊩
\dots	…
\^G	ᴳ
\longleftrightarrow	⟷
\scrH	ℋ
\bipsi	𝝍
\gemini	♊
\^ltphi	ᶲ
\isins	⋴
\bivarsigma	𝝇
\bff	𝐟
\bsansIota	𝝞
\_1	₁
\nsupset	⊅
\gescc	⪩
\supsetneqq	⫌
\threedangle	⟀
\sansB	𝖡
\lesdotor	⪃
\dotequiv	⩧
\bfvarrho	𝛠
\_o	ₒ
\bfrakG	𝕲
\biTau	𝜯
\bigtriangleup	△
\diagup	╱
\underbar	̲
\isansi	𝘪
\ttj	𝚓
\itL	𝐿
\rightwavearrow	↝
\nexists	∄
\nVleftarrowtail	⬺
\bimu	𝝁
\image	⊷
\underbrace	⏟
\circleurquadblack	◔
\ita	𝑎
\biEpsilon	𝜠
\bsansZeta	𝝛
\supdsub	⫘
\boxplus	⊞
\sansfour	𝟦
\^x	ˣ
\smashtimes	⨳
\Zeta	Ζ
\nisd	⋺
\biR	𝑹
\DDownarrow	⟱
\oplusrhrim	⨮
\^uparrow	ꜛ
\ultriangle	◸
\biChi	𝜲
\bsansG	𝗚
\OE	Œ
\circledcirc	⊚
\capricornus	♑
\diameter	⌀
\underbracket	⎵
\subsim	⫇
\bfN	𝐍
\house	⌂
\bisansJ	𝙅
\bigamma	𝜸
\bsanstwo	𝟮
\bfpsi	𝛙
\towa	⤪
\itM	𝑀
\bsansv	𝘃
\schwa	ə
\in	∈
\bfe	𝐞
\bscrH	𝓗
\frakR	ℜ
\bfrakk	𝖐
\^0	⁰
\enclosecircle	⃝
\bscrQ	𝓠
\modtwosum	⨊
\chi	χ
\biiota	𝜾
\^alpha	ᵅ
\measanglerutone	⦨
\itD	𝐷
\sansLmirrored	⅃
\nvrightarrow	⇸
\biD	𝑫
\pes	₧
\bsansR	𝗥
\mapsdown	↧
\bsanspsi	𝞇
\imath	ı
\bfa	𝐚
\sanstwo	𝟤
\squareurquad	◳
\bfrakU	𝖀
\biZeta	𝜡
\bisanst	𝙩
\smwhtlozenge	⬫
\^V	ⱽ
\frakL	𝔏
\bbzero	𝟘
\rightthreearrows	⇶
\bsansxi	𝝽
\ttzero	𝟶
\scrU	𝒰
\bsansb	𝗯
\bfiota	𝛊
\bfrakg	𝖌
\QED	∎
\^b	ᵇ
\bisansl	𝙡
\boxbar	◫
\bbfive	𝟝
\Ldsh	↲
\bisansalpha	𝞪
\angdnr	⦟
\scrm	𝓂
\its	𝑠
\Xi	Ξ
\sansH	𝖧
\RightUpVectorBar	⥔
\veebar	⊻
\nsuccsim	≿̸
\itX	𝑋
\bsansN	𝗡
\bisansy	𝙮
\tto	𝚘
\tts	𝚜
\verymuchless	⋘
\bsanspi	𝝿
\frakr	𝔯
\leftdasharrow	⇠
\bfrakQ	𝕼
\rrbracket	⟧
\triangletimes	⨻
\dicei	⚀
\closedvarcup	⩌
\bbH	ℍ
\squarenwsefill	▧
\_gamma	ᵧ
\triangleq	≜
\lrtriangle	◿
\bfc	𝐜
\ogreaterthan	⧁
\congdot	⩭
\Beta	Β
\minusrdots	⨬
\bscrf	𝓯
\bisansSigma	𝞢
\ast	∗
\bigsqcup	⨆
\bsansq	𝗾
\bfbeta	𝛃
\bsansF	𝗙
\eqqplus	⩱
\bisansp	𝙥
\enclosesquare	⃞
\barleftarrow	⇤
\bscrr	𝓻
\isansN	𝘕
\bsansOmicron	𝝤
\ttsix	𝟼
\itLambda	𝛬
\nequiv	≢
\equivDD	⩸
\lat	⪫
\isansS	𝘚
\ttb	𝚋
\ncong	≇
\bbthree	𝟛
\^theta	ᶿ
\biM	𝑴
\Succ	⪼
\_schwa	ₔ
\Finv	Ⅎ
\Top	⫪
\ttf	𝚏
\bsansEta	𝝜
\_0	₀
\dddot	⃛
\scri	𝒾
\implies	⟹
\bfg	𝐠
\bfeta	𝛈
\itw	𝑤
\dotminus	∸
\bscrN	𝓝
\oint	∮
\bsanst	𝘁
\circlearrowleft	↺
\bscrE	𝓔
\blackinwhitediamond	◈
\diamondleftblack	⬖
\nHdownarrow	⇟
\bbJ	𝕁
\diamondsuit	♢
\frakg	𝔤
\isansO	𝘖
\bsansL	𝗟
\bsansnu	𝝼
\nLeftarrow	⇍
\bie	𝒆
\smalltriangleleft	◃
\rightleftharpoonsdown	⥩
\acute	́
\llbracket	⟦
\UUparrow	⟰
\Nearrow	⇗
\biu	𝒖
\bsansl	𝗹
\bigtriangledown	▽
\bfphi	𝛟
\Longleftarrow	⟸
\nsucc	⊁
\square	□
\succ	≻
\circledrightdot	⚆
\bfd	𝐝
\sansh	𝗁
\bbgamma	ℽ
\isansv	𝘷
\biomicron	𝝄
\bisansIota	𝞘
\bbT	𝕋
\scrC	𝒞
\pscrv	ʋ
\bsansdelta	𝝳
\neovnwarrow	⤱
\isanso	𝘰
\twoheadmapsto	⤅
\langle	⟨
\DownRightVectorBar	⥗
\Longmapsfrom	⟽
\Yup	⅄
\scrZ	𝒵
\itvarrho	𝜚
\clubsuit	♣
\elsdot	⪗
\Stigma	Ϛ
\biEta	𝜢
\xor	⊻
\rightangle	∟
\backsim	∽
\5/8	⅝
\minhat	⩟
\isansJ	𝘑
\bfmu	𝛍
\bsansC	𝗖
\downdownarrows	⇊
\measeq	≞
\^f	ᶠ
\lowint	⨜
\emptyset	∅
\sansM	𝖬
\varphi	φ
\bsansp	𝗽
\blacklozenge	⧫
\Tau	Τ
\itAlpha	𝛢
\itvarphi	𝜑
\bisansn	𝙣
\looparrowleft	↫
\isansV	𝘝
\nVtwoheadrightarrow	⤁
\ttp	𝚙
\beth	ℶ
\isansX	𝘟
\itj	𝑗
\sansj	𝗃
\nsim	≁
\ocirc	̊
\div	÷
\sansJ	𝖩
\bfrakt	𝖙
\itpi	𝜋
\sansG	𝖦
\longmapsfrom	⟻
\_-	₋
\sqsupsetneq	⋥
\bfsigma	𝛔
\squarehvfill	▦
\bfv	𝐯
\leftrightharpoonupdown	⥊
\turnk	ʞ
\bigcupdot	⨃
\And	⩓
\itE	𝐸
\ith	ℎ
\bbsum	⅀
\iiint	∭
\threeunderdot	⃨
\bisansTheta	𝞗
\frakF	𝔉
\lvboxline	⎸
\bscrC	𝓒
\cancer	♋
\midbarwedge	⩜
\sqcup	⊔
\lrblacktriangle	◢
\Longrightarrow	⟹
\bikappa	𝜿
\subsetneq	⊊
\itBeta	𝛣
\ovhook	̉
\equalleftarrow	⭀
\bscrg	𝓰
\enclosetriangle	⃤
\dagger	†
\supsetdot	⪾
\frakf	𝔣
\scrI	ℐ
\rightouterjoin	⟖
\bfrakZ	𝖅
\twoheadmapsfrom	⬶
\bbf	𝕗
\itP	𝑃
\bsansalpha	𝝰
\bisansE	𝙀
\binu	𝝂
\itz	𝑧
\^g	ᵍ
\Sqcup	⩏
\biq	𝒒
\scrO	𝒪
\bfrakI	𝕴
\isansa	𝘢
\bfOmicron	𝚶
\leftwavearrow	↜
\notlessgreater	≸
\rightrightarrows	⇉
\DownRightTeeVector	⥟
\supsetapprox	⫊
\ttP	𝙿
\allequal	≌
\bfV	𝐕
\del	∇
\blackpointerright	►
\3/5	⅗
\bbC	ℂ
\female	♀
\cdotp	·
\bfvarphi	𝛗
\bsansc	𝗰
\bfnabla	𝛁
\^T	ᵀ
\itOmicron	𝛰
\capdot	⩀
\biY	𝒀
\italpha	𝛼
\ntrianglerighteq	⋭
\notbackslash	⍀
\nni	∌
\blacktriangle	▴
\mdblkcircle	⚫
\saturn	♄
\DownLeftRightVector	⥐
\ordmasculine	º
\curlyeqsucc	⋟
\frakI	ℑ
\DownLeftTeeVector	⥞
\bsansBeta	𝝗
\rdiagovfdiag	⤫
\mapsto	↦
\veemidvert	⩛
\^R	ᴿ
\maltese	✠
\rightarrowdiamond	⤞
\bfsix	𝟔
\leftouterjoin	⟕
\hslash	ℏ
\bisanszeta	𝞯
\bbid	ⅆ
\nVleftarrow	⇺
\circleonrightarrow	⇴
\bfraki	𝖎
\ttY	𝚈
\blockhalfshaded	▒
\brokenbar	¦
\blacksquare	■
\mdlgblkdiamond	◆
\circlellquad	◵
\upuparrows	⇈
\taurus	♉
\planck	ℎ
\bisansi	𝙞
\frakW	𝔚
\bbd	𝕕
\bsansRho	𝝦
\^downarrow	ꜜ
\bfq	𝐪
\guillemotright	»
\vDash	⊨
\conjquant	⨇
\4/5	⅘
\biPi	𝜫
\varclubsuit	♧
\bscrX	𝓧
\sim	∼
\bisanspi	𝞹
\^8	⁸
\RuleDelayed	⧴
\^p	ᵖ
\scrJ	𝒥
\sum	∑
\bfepsilon	𝛜
\rightarrowbsimilar	⭌
\aquarius	♒
\sansS	𝖲
\ggg	⋙
\uranus	♅
\biepsilon	𝝐
\isinvb	⋸
\rightthreetimes	⋌
\oturnedcomma	̒
\bscrR	𝓡
\O	Ø
\bfvarepsilon	𝛆
\nbumpeq	≏̸
\dashv	⊣
\bbie	ⅇ
\curlywedge	⋏
\tth	𝚑
\itTau	𝛵
\mdlgwhtdiamond	◇
\itk	𝑘
\biZ	𝒁
\biGamma	𝜞
\bsansKappa	𝝟
\underleftharpoondown	⃭
\gg	≫
\circleulquad	◴
\ngtrsim	≵
\_s	ₛ
\smwhitestar	⭒
\bfrakB	𝕭
\glj	⪤
\sqsupset	⊐
\frakt	𝔱
\nprec	⊀
\_n	ₙ
\diamond	⋄
\Lap	⧊
\otimesrhrim	⨵
\leftrightarrows	⇆
\LeftUpTeeVector	⥠
\itphi	𝜙
\hexagon	⎔
\biSigma	𝜮
\eighthnote	♪
\risingdotseq	≓
\RightUpTeeVector	⥜
\bbrktbrk	⎶
\^(	⁽
\1/2	½
\bfEpsilon	𝚬
\iint	∬
\nleqslant	⩽̸
\leftrightarrowtriangle	⇿
\squarelrquad	◲
\measanglerdtose	⦪
\eparsl	⧣
\nprecsim	≾̸
\btimes	⨲
\bia	𝒂
\bisansLambda	𝞚
\oe	œ
\forall	∀
\bbl	𝕝
\ttu	𝚞
\bisansDelta	𝞓
\bfDigamma	𝟊
\rightarrowtriangle	⇾
\bbw	𝕨
\leftarrowx	⬾
\bba	𝕒
\supset	⊃
\supsim	⫈
\bfrakP	𝕻
\ordfeminine	ª
\equiv	≡
\sharp	♯
\bsansY	𝗬
\sbrhr	˒
\_2	₂
\bbo	𝕠
\epsilon	ϵ
\Nwarrow	⇖
\bfMu	𝚳
\bsansmu	𝝻
\itlambda	𝜆
\isansE	𝘌
\ae	æ
\nrleg	ƞ
\infty	∞
\dualmap	⧟
\_=	₌
\eqgtr	⋝
\bigotimes	⨂
\bsansn	𝗻
\nvleftarrow	⇷
\Swarrow	⇙
\vrecto	▯
\isinE	⋹
\leftharpoonaccent	⃐
\bbb	𝕓
\inversewhitecircle	◙
\commaminus	⨩
\Omicron	Ο
\bisansf	𝙛
\whitearrowupfrombar	⇪
\bisansChi	𝞦
\btdl	ɬ
\vrectangleblack	▮
\bsansO	𝗢
\scrQ	𝒬
\eqslantgtr	⪖
\strike	̶
\smblksquare	▪
\scpolint	⨓
\sansK	𝖪
\lrcorner	⌟
\bsansV	𝗩
\birho	𝝆
\nwarrow	↖
\bfzero	𝟎
\^M	ᴹ
\_p	ₚ
\simlE	⪟
\_8	₈
\scry	𝓎
\bfvartheta	𝛝
\leqq	≦
\lfloor	⌊
\cirfb	◒
\bit	𝒕
\bscrk	𝓴
\urtriangle	◹
\rightsquigarrow	⇝
\leftarrow	←
\sphericalangle	∢
\revemptyset	⦰
\nVtwoheadleftarrowtail	⬽
\biP	𝑷
\rLarr	⥄
\boxtimes	⊠
\ttm	𝚖
\_i	ᵢ
\dottedcircle	◌
\bisansvarsigma	𝞻
\hkswarow	⤦
\bfl	𝐥
\gtquest	⩼
\bisansq	𝙦
\frakK	𝔎
\^r	ʳ
\wedgeodot	⩑
\isansC	𝘊
\interleave	⫴
\^B	ᴮ
\doublebarvee	⩢
\circledwhitebullet	⦾
\complement	∁
\biL	𝑳
\itEta	𝛨
\ttw	𝚠
\bfzeta	𝛇
\isansG	𝘎
\simless	⪝
\biOmega	𝜴
\sqsubsetneq	⋤
\Ddownarrow	⤋
\sansx	𝗑
\bih	𝒉
\measanglelutonw	⦩
\upvDash	⫫
\_rho	ᵨ
\neqsim	≂̸
\smwhtsquare	▫
\itIota	𝛪
\leftarrowapprox	⭊
\nVrightarrow	⇻
\bscrU	𝓤
\Koppa	Ϟ
\itnu	𝜈
\isansq	𝘲
\minusfdots	⨫
\gggnest	⫸
\angle	∠
\bfF	𝐅
\diceiv	⚃
\scrT	𝒯
\itSigma	𝛴
\Eta	Η
\ll	≪
\underrightarrow	⃯
\vartriangle	▵
\bfrakv	𝖛
\Leftarrow	⇐
\lrtriangleeq	⧡
\asymp	≍
\defas	⧋
\varointclockwise	∲
\bscrL	𝓛
\times	×
\wr	≀
\twoheadrightarrowtail	⤖
\bsansiota	𝝸
\llblacktriangle	◣
\_u	ᵤ
\ddotseq	⩷
\lltriangle	◺
\ss	ß
\bii	𝒊
\boxupcaret	⍓
\suphsub	⫗
\approxeqq	⩰
\intcap	⨙
\^k	ᵏ
\openbracketleft	⟦
\circleurquad	◷
\gtcc	⪧
\droang	̚
\simgtr	⪞
\isansK	𝘒
\bfGamma	𝚪
\leftarrowbackapprox	⭂
\barrightarrowdiamond	⤠
\triangleleft	◁
\nvdash	⊬
\biv	𝒗
\bfTheta	𝚯
\bscrS	𝓢
\bisansm	𝙢
\dotsminusdots	∺
\ttg	𝚐
\oiiint	∰
\scrV	𝒱
\oldkoppa	ϙ
\questiondown	¿
\Mu	Μ
\updownarrowbar	↨
\forkv	⫙
\itN	𝑁
\pertenthousand	‱
\precnsim	⋨
\profline	⌒
\bfdigamma	𝟋
\itupsilon	𝜐
\reapos	‛
\ttA	𝙰
\sansfive	𝟧
\succneq	⪲
\UpEquilibrium	⥮
\ttk	𝚔
\biC	𝑪
\scrE	ℰ
\bfrakd	𝖉
\underleftrightarrow	͍
\ttQ	𝚀
\aries	♈
\intercal	⊺
\bbs	𝕤
\Zbar	Ƶ
\emptysetoarrl	⦴
\itMu	𝛭
\ntrianglelefteq	⋬
\bigvee	⋁
\minus	−
\nleftarrow	↚
\scrL	ℒ
\bfp	𝐩
\itvarepsilon	𝜀
\mho	℧
\bigwedge	⋀
\benzenr	⏣
\submult	⫁
\sanss	𝗌
\sinewave	∿
\bbii	ⅈ
\leftrightarrowcircle	⥈
\diamondbotblack	⬙
\fourthroot	∜
\curlyvee	⋎
\eth	ð
\itK	𝐾
\bisansF	𝙁
\bsolhsub	⟈
\bisansQ	𝙌
\lsime	⪍
\lesseqqgtr	⪋
\dshfnc	┆
\blackcircledrightdot	⚈
\bbu	𝕦
\bsansXi	𝝣
\bsansf	𝗳
\bsansj	𝗷
\itI	𝐼
\scorpio	♏
\upharpoonright	↾
\circlelrquad	◶
\twocups	⩊
\ttx	𝚡
\bisanspartial	𝟃
\lessdot	⋖
\subsetplus	⪿
\bfP	𝐏
\sansm	𝗆
\blackcircledtwodots	⚉
\bfk	𝐤
\bsansvartheta	𝞋
\rsolbar	⧷
\sqfr	◨
\increment	∆
\sansa	𝖺
\bftwo	𝟐
\ttseven	𝟽
\isansI	𝘐
\leftrightharpoonsup	⥦
\fraky	𝔶
\nVtwoheadrightarrowtail	⤘
\guillemotleft	«
\ttX	𝚇
\otimeshat	⨶
\bisanstau	𝞽
\1/5	⅕
\ularc	◜
\bsansNu	𝝢
\_6	₆
\coprod	∐
\sansF	𝖥
\aa	å
\1/9	⅑
\dblarrowupdown	⇅
\isanst	𝘵
\^epsilon	ᵋ
\cupdot	⊍
\varbeta	ϐ
\Lsh	↰
\itnabla	𝛻
\trianglelefteq	⊴
\scurel	⊱
\emptysetoarr	⦳
\degree	°
\xrat	℞
\dicevi	⚅
\triangleminus	⨺
\ddot	̈
\topbot	⌶
\updownharpoonleftright	⥍
\blacklefthalfcircle	◖
\hexagonblack	⬣
\fraka	𝔞
\bbone	𝟙
\isansR	𝘙
\ddagger	‡
\scrA	𝒜
\bscrc	𝓬
\itvarpi	𝜛
\bigcap	⋂
\itW	𝑊
\bibeta	𝜷
\gesles	⪔
\circeq	≗
\Phi	Φ
\guilsinglleft	‹
\bisansA	𝘼
\AE	Æ
\check	̌
\hlmrk	ˑ
\intx	⨘
\bfNu	𝚴
\parallelogram	▱
\Upsilon	Υ
\bsansD	𝗗
\arceq	≘
\LeftUpDownVector	⥑
\Dashv	⫤
\sansb	𝖻
\overbracket	⎴
\sanse	𝖾
\bfchi	𝛘
\ltimes	⋉
\bbseven	𝟟
\leftrightarrow	↔
\biI	𝑰
\^P	ᴾ
\rightarrowbackapprox	⭈
\varspadesuit	♤
\bfSigma	𝚺
\Mapsto	⤇
\bbg	𝕘
\bivarpi	𝝕
\Prec	⪻
\mid	∣
\subsetapprox	⫉
\varisinobar	⋶
\sansT	𝖳
\bfU	𝐔
\bivarrho	𝝔
\tricolon	⁝
\hookleftarrow	↩
\sqfnw	┙
\LeftTriangleBar	⧏
\isansD	𝘋
\bisansK	𝙆
\^=	⁼
\bfDelta	𝚫
\swarrow	↙
\wideangleup	⦧
\bar	̄
\csube	⫑
\bfrako	𝖔
\rtlt	ʈ
\natural	♮
\mp	∓
\niobar	⋾
\invnot	⌐
\biK	𝑲
\biQ	𝑸
\subseteq	⊆
\squareneswfill	▨
\isansT	𝘛
\postalmark	〒
\NG	Ŋ
\LeftRightVector	⥎
\frakc	𝔠
\biG	𝑮
\bfrakW	𝖂
\bfrakN	𝕹
\ittheta	𝜃
\gtreqqless	⪌
\Bot	⫫
\isansr	𝘳
\bisansT	𝙏
\Longleftrightarrow	⟺
\tildelow	˜
\vdots	⋮
\dashrightharpoondown	⥭
\^H	ᴴ
\bigbot	⟘
\gimel	ℷ
\iiiint	⨌
\koppa	ϟ
\bip	𝒑
\varbarwedge	⌅
\twoheadleftarrowtail	⬻
\ttq	𝚚
\smte	⪬
\bisansRho	𝞠
\bisansepsilon	𝟄
\whitepointerright	▻
\nvLeftrightarrow	⤄
\TH	Þ
\mapsup	↥
\revangleubar	⦥
\scrz	𝓏
\clwintegral	∱
\sansthree	𝟥
\_9	₉
\circledbullet	⦿
\ttN	𝙽
\bisansv	𝙫
\Lleftarrow	⇚
\bfdelta	𝛅
\hat	̂
\nearrow	↗
\vartheta	ϑ
\bscrP	𝓟
\varnis	⋻
\Iota	Ι
\varlrtriangle	⊿
\bfy	𝐲
\backpprime	‶
\th	þ
\frakX	𝔛
\itS	𝑆
\bscrZ	𝓩
\kernelcontraction	∻
\ntriangleright	⋫
\frakT	𝔗
\Searrow	⇘
\tte	𝚎
\bfrakz	𝖟
\breve	̆
\angleubar	⦤
\hatapprox	⩯
\bisansEta	𝞖
\itvartheta	𝜗
\trnt	ʇ
\closedvarcupsmashprod	⩐
\succeq	⪰
\isansU	𝘜
\enspace	 
\itq	𝑞
\nwovnearrow	⤲
\isansQ	𝘘
\bsansfive	𝟱
\bigcirc	○
\suphsol	⟉
\plushat	⨣
\bisansZ	𝙕
\sigma	σ
\itvarTheta	𝛳
\leftharpoonup	↼
\bisansOmicron	𝞞
\^L	ᴸ
\^w	ʷ
\int	∫
\curlyeqprec	⋞
\barleftarrowrightarrowbar	↹
\rightwhitearrow	⇨
\rightarrowplus	⥅
\bbA	𝔸
\sansY	𝖸
\bsansrho	𝞀
\sqrtbottom	⎷
\bscrv	𝓿
\nVrightarrowtail	⤕
\neovsearrow	⤮
\bscrW	𝓦
\Leftrightarrow	⇔
\rightharpoonsupdown	⥤
\lceil	⌈
\UpArrowBar	⤒
\bfAlpha	𝚨
\bfi	𝐢
\bfrakH	𝕳
\ne	≠
\varsubsetneqq	⊊︀
\bfs	𝐬
\bullet	•
\bfrakf	𝖋
\^+	⁺
\itpsi	𝜓
\lgE	⪑
\bffive	𝟓
\trnh	ɥ
\boxbslash	⧅
\equalparallel	⋕
\stigma	ϛ
\cirfnint	⨐
\subedot	⫃
\biz	𝒛
\bbi	𝕚
\nLeftrightarrow	⇎
\itRho	𝛲
\itomega	𝜔
\dashleftharpoondown	⥫
\hrectangle	▭
\bbM	𝕄
\ttd	𝚍
\bsansM	𝗠
\bfX	𝐗
\itepsilon	𝜖
\itkappa	𝜅
\bisansvarkappa	𝟆
\precnapprox	⪹
\scrj	𝒿
\nsqsupseteq	⋣
\precapprox	⪷
\pentagonblack	⬟
\curvearrowright	↷
\bfrakA	𝕬
\bfm	𝐦
\bisansW	𝙒
\top	⊤
\sansi	𝗂
\bbZ	ℤ
\itiota	𝜄
\blacktriangledown	▾
\squoval	▢
\rasp	ʼ
\downharpoonright	⇂
\bsanssix	𝟲
\sqsubset	⊏
\squarellblack	⬕
\underrightharpoondown	⃬
\succsim	≿
\dashV	⫣
\itzeta	𝜁
\emdash	—
\biA	𝑨
\itPhi	𝛷
\biJ	𝑱
\bisansOmega	𝞨
\scrM	ℳ
\bin	𝒏
\delta	δ
\rfloor	⌋
\eqslantless	⪕
\twoheaduparrow	↟
\bsansJ	𝗝
\bisansM	𝙈
\^phi	ᵠ
\bisansd	𝙙
\^i	ⁱ
\eqcolon	≕
\bfvarsigma	𝛓
\bfrakM	𝕸
\nsubseteq	⊈
\bisansomega	𝟂
\wedge	∧
\^N	ᴺ
\cdots	⋯
\7/8	⅞
\smblklozenge	⬪
\spadesuit	♠
\bfChi	𝚾
\trapezium	⏢
\bullseye	◎
\scro	ℴ
\tildetrpl	≋
\leftrightsquigarrow	↭
\^t	ᵗ
\dbkarow	⤏
\Sigma	Σ
\longmapsto	⟼
\DownArrowUpArrow	⇵
\intbar	⨍
\nasymp	≭
\npreceq	⪯̸
\isansM	𝘔
\bbnine	𝟡
\itdelta	𝛿
\virgo	♍
\bfPhi	𝚽
\isansL	𝘓
\boxast	⧆
\bbV	𝕍
\sansc	𝖼
\bfUpsilon	𝚼
\csupe	⫒
\drbkarrow	⤐
\bfrakC	𝕮
\bscrl	𝓵
\ell	ℓ
\bfrakY	𝖄
\squaretopblack	⬒
\sansN	𝖭
\isansB	𝘉
\bisansPsi	𝞧
\tau	τ
\Vvert	⦀
\circledS	Ⓢ
\bsanse	𝗲
\bbtwo	𝟚
\boxdot	⊡
\sanszero	𝟢
\twoheadleftarrow	↞
\barovernorthwestarrow	↸
\mdwhtlozenge	⬨
\bsansE	𝗘
\bscrd	𝓭
\Uparrow	⇑
\squarevfill	▥
\bfeight	𝟖
\LeftVectorBar	⥒
\_7	₇
\rightdasharrow	⇢
\itO	𝑂
\sanst	𝗍
\bisansu	𝙪
\isansz	𝘻
\sansO	𝖮
\smwhtcircle	◦
\nolinebreak	⁠
\rangle	⟩
\rightarrowgtr	⭃
\libra	♎
\Lambda	Λ
\esh	ʃ
\ttfive	𝟻
\dsol	⧶
\sqsupseteq	⊒
\_r	ᵣ
\tieconcat	⁀
\itGamma	𝛤
\itg	𝑔
\odot	⊙
\supseteqq	⫆
\csup	⫐
\bsansm	𝗺
\bisansS	𝙎
\boxminus	⊟
\Rdsh	↳
\varveebar	⩡
\bfrakx	𝖝
\k	̨
\bfBeta	𝚩
\bilambda	𝝀
\nparallel	∦
\Pi	Π
\^n	ⁿ
\conictaper	⌲
\biBeta	𝜝
\^z	ᶻ
\gtrapprox	⪆
\lessgtr	≶
\scrw	𝓌
\frakE	𝔈
\bix	𝒙
\ttthree	𝟹
\overleftrightarrow	⃡
\mdwhtcircle	⚪
\bisansrho	𝞺
\dotsim	⩪
\bfrakX	𝖃
\coloneq	≔
\trademark	™
\pisces	♓
\bscrY	𝓨
\bbfour	𝟜
\rightarrowsupset	⭄
\itu	𝑢
\preceqq	⪳
\bio	𝒐
\eqcirc	≖
\quarternote	♩
\measangleldtosw	⦫
\RightVectorBar	⥓
\vysmblksquare	⬝
\bscrz	𝔃
\frakJ	𝔍
\lgwhtsquare	⬜
\sansf	𝖿
\bsansvarepsilon	𝝴
\bfnine	𝟗
\upharpoonleft	↿
\sansl	𝗅
\wedgeq	≙
\itChi	𝛸
\^U	ᵁ
\hrectangleblack	▬
\hookrightarrow	↪
\supsetneq	⊋
\nis	⋼
\bisansI	𝙄
\biIota	𝜤
\5/6	⅚
\bbX	𝕏
\bisansdelta	𝞭
\succneqq	⪶
\precneq	⪱
\frakw	𝔴
\diamondleftarrow	⤝
\bbY	𝕐
\bisansbeta	𝞫
\bisansKappa	𝞙
\bfIota	𝚰
\bfTau	𝚻
\rtll	ɭ
\bim	𝒎
\sout	̶
\precsim	≾
\invw	ʍ
\bsansZ	𝗭
\^E	ᴱ
\biphi	𝝓
\bfraka	𝖆
\trnsa	ɒ
\^d	ᵈ
\Gamma	Γ
\preceq	⪯
\bscrM	𝓜
\isansH	𝘏
\bsansOmega	𝝮
\tosa	⤩
\otimeslhrim	⨴
\notin	∉
\inglst	ʖ
\frakl	𝔩
\^u	ᵘ
\ulblacktriangle	◤
\bil	𝒍
\_beta	ᵦ
\sansR	𝖱
\euro	€
\circ	∘
\bisansnabla	𝞩
\prime	′
\biH	𝑯
\itomicron	𝜊
\biTheta	𝜣
\mdwhtsquare	◻
\Angstrom	Å
\isansh	𝘩
\cdot	⋅
\uplus	⊎
\blockuphalf	▀
\leftthreearrows	⬱
\bid	𝒅
\leftdbkarrow	⤎
\itb	𝑏
\rtimes	⋊
\bisansvarTheta	𝞡
\numero	№
\carriagereturn	↵
\gsiml	⪐
\scrK	𝒦
\circledtwodots	⚇
\nmid	∤
\DJ	Đ
\bsanso	𝗼
\scrq	𝓆
\sansnine	𝟫
\trianglecdot	◬
\bfOmega	𝛀
\bfZeta	𝚭
\trny	ʎ
\^3	³
\^j	ʲ
\bsansh	𝗵
\bfrakE	𝕰
\ldots	…
\scrx	𝓍
\DownLeftVectorBar	⥖
\Supset	⋑
\mdblklozenge	⬧
\itvarsigma	𝜍
\barcup	⩂
\bftheta	𝛉
\bif	𝒇
\simrdots	⩫
\pgamma	ɣ
\ttM	𝙼
\midbarvee	⩝
\RightUpDownVector	⥏
\enclosediamond	⃟
\bisansAlpha	𝞐
\^5	⁵
\rightleftharpoonsup	⥨
\ltcir	⩹
\varhexagonlrbonds	⌬
\upharpoonsleftright	⥣
\varpi	ϖ
\scrR	ℛ
\bfH	𝐇
\circledast	⊛
\cap	∩
\bir	𝒓
\bscrh	𝓱
\Kappa	Κ
\vdash	⊢
\bib	𝒃
\smalltriangleright	▹
\because	∵
\barcap	⩃
\^beta	ᵝ
\bigtop	⟙
\elinters	⏧
\frakh	𝔥
\bfvarpi	𝛡
\bipi	𝝅
\_chi	ᵪ
\scrf	𝒻
\Times	⨯
\sqfse	◪
\rightharpoonupdash	⥬
\varniobar	⋽
\^iota	ᶥ
\biguplus	⨄
\nVleftrightarrow	⇼
\^a	ᵃ
\^v	ᵛ
\itr	𝑟
\bisansV	𝙑
\eqsim	≂
\whiteinwhitetriangle	⟁
\pupsil	ʊ
\lrarc	◞
\frakQ	𝔔
\isansg	𝘨
\tona	⤧
\setminus	∖
\nsqsubseteq	⋢
\doublepipe	ǂ
\lesdot	⩿
\isansw	𝘸
\bsansone	𝟭
\scrl	𝓁
\bbO	𝕆
\therefore	∴
\leftarrowtail	↢
\omicron	ο
\scre	ℯ
\rightanglearc	⊾
\measuredangle	∡
\smallni	∍
\LeftTeeVector	⥚
\iti	𝑖
\bfrakK	𝕶
\bisansvarphi	𝞿
\sansk	𝗄
\blkvertoval	⬮
\scrr	𝓇
\bisansPi	𝞟
\longleftarrow	⟵
\reglst	ʕ
\dj	đ
\downzigzagarrow	↯
\supedot	⫄
\biW	𝑾
\ppprime	‴
\biX	𝑿
\scrd	𝒹
\intprod	⨼
\notgreaterless	≹
\frakn	𝔫
\mdsmblksquare	◾
\bsansg	𝗴
\whitepointerleft	◅
\bfomega	𝛚
\bsansnine	𝟵
\^A	ᴬ
\bisansxi	𝞷
\_5	₅
\scrF	ℱ
\measangleurtone	⦬
\bscrI	𝓘
\3/8	⅜
\biy	𝒚
\bisansz	𝙯
\rtlr	ɽ
\subsub	⫕
\frakz	𝔷
\sansQ	𝖰
\strns	⏤
\gtrsim	≳
\uparrowbarred	⤉
\bidelta	𝜹
\adots	⋰
\downdasharrow	⇣
\rho	ρ
\dh	ð
\bscrK	𝓚
\gla	⪥
\itxi	𝜉
\bfpi	𝛑
\bfthree	𝟑
\mdsmwhtcircle	⚬
\bfEta	𝚮
\eqdot	⩦
\bfrakh	𝖍
\emptysetobar	⦱
\ittau	𝜏
\leftthreetimes	⋋
\bfrakc	𝖈
\jupiter	♃
\tta	𝚊
\_a	ₐ
\biPsi	𝜳
\bsansPsi	𝝭
\bumpeq	≏
\oiint	∯
\bigblacktriangledown	▼
\dotplus	∔
\bbS	𝕊
\opluslhrim	⨭
\searrow	↘
\mdwhtdiamond	⬦
\nvtwoheadrightarrow	⤀
\bfrakj	𝖏
\biDelta	𝜟
\itT	𝑇
\scrh	𝒽
\diamondtopblack	⬘
\diceii	⚁
\ttE	𝙴
\cirfl	◐
\bbj	𝕛
\bfA	𝐀
\bsansa	𝗮
\VDash	⊫
\bscro	𝓸
\bsansT	𝗧
\bisansC	𝘾
\frakV	𝔙
\rsqhook	⫎
\palh	̡
\longleftsquigarrow	⬳
\trnm	ɯ
\^6	⁶
\boxdiag	⧄
\bic	𝒄
\bscry	𝔂
\bfrakD	𝕯
\itKappa	𝛫
\itDelta	𝛥
\linefeed	↴
\ttJ	𝙹
\geqqslant	⫺
\varsigma	ς
\bfrakO	𝕺
\bisanseta	𝞰
\dyogh	ʤ
\bsansfour	𝟰
\^y	ʸ
\mdblksquare	◼
\binabla	𝜵
\bisansupsilon	𝞾
\scrB	ℬ
\rtls	ʂ
\sqrint	⨖
\itQ	𝑄
\bfPi	𝚷
\nu	ν
\leftrightharpoons	⇋
\preccurlyeq	≼
\ddots	⋱
\nvrightarrowtail	⤔
\bipartial	𝝏
\flat	♭
\otimes	⊗
\bfE	𝐄
\lnapprox	⪉
\npolint	⨔
\bfM	𝐌
\bscre	𝓮
\sansu	𝗎
\astrosun	☉
\_t	ₜ
\itTheta	𝛩
\bichi	𝝌
\vartriangleleft	⊲
\bisansiota	𝞲
\simplus	⨤
\NotSquareSuperset	⊐̸
\scrS	𝒮
\bsansEpsilon	𝝚
\bisansEpsilon	𝞔
\bsanszeta	𝝵
\ltlmr	ɱ
\Psi	Ψ
\bisansomicron	𝞸
\squareurblack	⬔
\mdlgblkcircle	●
\scrb	𝒷
\RightDownVectorBar	⥕
\odiv	⨸
\late	⪭
\ominus	⊖
\bscrt	𝓽
\bbm	𝕞
\grave	̀
\odotslashdot	⦼
\scrv	𝓋
\sansD	𝖣
\bbq	𝕢
\indep	⫫
\isinobar	⋷
\rightpentagonblack	⭓
\eqeqeq	⩶
\bsansepsilon	𝞊
\neuter	⚲
\lesges	⪓
\bfone	𝟏
\bowtie	⋈
\frakH	ℌ
\squareulblack	◩
\bbU	𝕌
\prod	∏
\bfraku	𝖚
\isansn	𝘯
\leftharpoonsupdown	⥢
\biUpsilon	𝜰
\lgblksquare	⬛
\sansn	𝗇
\downwhitearrow	⇩
\big	𝒈
\succcurlyeq	≽
\geqslant	⩾
\^c	ᶜ
\bscrw	𝔀
\awint	⨑
\scrW	𝒲
\LeftDownVectorBar	⥙
\_)	₎
\not	̸
\frako	𝔬
\bisanspsi	𝟁
\bigoplus	⨁
\circledequal	⊜
\veeeq	≚
\rightanglemdot	⦝
\biAlpha	𝜜
\neq	≠
\ohm	Ω
\itPi	𝛱
\nsucceq	⪰̸
\obslash	⦸
\bsansd	𝗱
\^K	ᴷ
\H	̋
\bsansvarsigma	𝞁
\bisanschi	𝟀
\2/3	⅔
\squarellquad	◱
\bfR	𝐑
\digamma	ϝ
\bsanseta	𝝶
\sansV	𝖵
\bisansPhi	𝞥
\vartriangleright	⊳
\bisansBeta	𝞑
\nsupseteqq	⫆̸
\bfrakr	𝖗
\bisansUpsilon	𝞤
\subsup	⫓
\NestedLessLess	⪡
\bfseven	𝟕
\biT	𝑻
\o	ø
\divideontimes	⋇
\bixi	𝝃
\triangleright	▷
\bfw	𝐰
\bbG	𝔾
\disin	⋲
\gsime	⪎
\NotNestedGreaterGreater	⪢̸
\jmath	ȷ
\lgwhtcircle	◯
\blackinwhitesquare	▣
\bbE	𝔼
\diagdown	╲
\doteq	≐
\bfraky	𝖞
\bsansgamma	𝝲
\geq	≥
\ttS	𝚂
\bigslopedwedge	⩘
\supsup	⫖
\upint	⨛
\urarc	◝
\bscrT	𝓣
\bigcup	⋃
\simeq	≃
\vysmblkcircle	∙
\bbL	𝕃
\gvertneqq	≩︀
\bsansr	𝗿
\bfKappa	𝚱
\rightarrowtail	↣
\bisanstheta	𝞱
\diceiii	⚂
\bis	𝒔
\bfrakp	𝖕
\^chi	ᵡ
\multimap	⊸
\triangleleftblack	◭
\Delta	Δ
\varhexagonblack	⬢
\bfT	𝐓
\llarc	◟
\bscri	𝓲
\iff	⟺
\Rho	Ρ
\leqqslant	⫹
\lllnest	⫷
\bfh	𝐡
\nand	⊼
\backprime	‵
\bfj	𝐣
\topsemicircle	◠
\isansm	𝘮
\lambda	λ
\highminus	¯
\LeftDownTeeVector	⥡
\itpartial	𝜕
\ttt	𝚝
\itR	𝑅
\starequal	≛
\blanksymbol	␢
\nvLeftarrow	⤂
\triangledown	▿
\bisansZeta	𝞕
\circlearrowright	↻
\frakZ	ℨ
\closedvarcap	⩍
\itd	𝑑
\scrp	𝓅
\bfrakT	𝕿
\pbgam	ɤ
\isindot	⋵
\blacktriangleleft	◀
\bscrG	𝓖
\bfrakb	𝖇
\succnsim	⋩
\eqqless	⪙
\bfn	𝐧
\bfrakl	𝖑
\cong	≅
\sansX	𝖷
\bisansb	𝙗
\iteta	𝜂
\varsupsetneq	⊋︀
\bsanssigma	𝞂
\bsansPhi	𝝫
\isansk	𝘬
\pppprime	⁗
\bsansw	𝘄
\bisanss	𝙨
\low	˕
\eqvparsl	⧥
\medwhitestar	⭐
\quad	 
\eqqgtr	⪚
\measangleultonw	⦭
\bigsqcap	⨅
\supsub	⫔
\sun	☼
\bfI	𝐈
\isansb	𝘣
\ity	𝑦
\ltln	ɲ
\lazysinv	∾
\RightTriangleBar	⧐
\rh	̢
\asteq	⩮
\Subset	⋐
\itV	𝑉
\vysmwhtsquare	⬞
\bsansbeta	𝝱
\biE	𝑬
\Rlarr	⥂
\leftmoon	☾
\_+	₊
\bisansGamma	𝞒
\bfY	𝐘
\sqcap	⊓
\succnapprox	⪺
\nleq	≰
\bbsix	𝟞
\bfW	𝐖
\biPhi	𝜱
\pprime	″
\bfO	𝐎
\vee	∨
\bivarkappa	𝝒
\bbe	𝕖
\^s	ˢ
\frakv	𝔳
\isansf	𝘧
\ttL	𝙻
\^9	⁹
\approxeq	≊
\RightTeeVector	⥛
\_h	ₕ
\ttR	𝚁
\rightharpoonup	⇀
\dlcorn	⎣
\rightarrowbar	⇥
\hermitconjmatrix	⊹
\notslash	⌿
\rightarrow	→
\bisigma	𝝈
\upand	⅋
\frakB	𝔅
\geqq	≧
\rightpentagon	⭔
\Mapsfrom	⤆
\itB	𝐵
\circletophalfblack	◓
\rmoustache	⎱
\u	˘
\bbpi	ℼ
\intBar	⨎
\Epsilon	Ε
\1/10	⅒
\1/3	⅓
\leftrightharpoondownup	⥋
\rightharpoonaccent	⃑
\itJ	𝐽
\_l	ₗ
\RightDownTeeVector	⥝
\viewdata	⌗
\overbar	̅
\bisansw	𝙬
\mu	μ
\sansI	𝖨
\ttv	𝚟
\diamondleftarrowbar	⤟
\bisansO	𝙊
\zeta	ζ
\1/7	⅐
\diamondrightblack	⬗
\bbPi	ℿ
\bfx	𝐱
\exclamdown	¡
\biRho	𝜬
\itv	𝑣
\gneq	⪈
\itn	𝑛
\curvearrowleft	↶
\nlesssim	≴
\frakp	𝔭
\mercury	☿
\^O	ᴼ
\lpargt	⦠
\le	≤
\bscrF	𝓕
\leftcurvedarrow	⬿
\bscrm	𝓶
\bfD	𝐃
\isansW	𝘞
\^7	⁷
\tttwo	𝟸
\bfupsilon	𝛖
\hermaphrodite	⚥
\candra	̐
\triangleplus	⨹
\ulcorner	⌜
\bbI	𝕀
\hbar	ħ
\itZ	𝑍
\sansP	𝖯
\bffour	𝟒
\tteight	𝟾
\varepsilon	ε
\tty	𝚢
\bsansTau	𝝩
\bisanslambda	𝞴
\yogh	ʒ
\bsansi	𝗶
\glst	ʔ
\intprodr	⨽
\annuity	⃧
\bsimilarrightarrow	⭇
\sanssix	𝟨
\blackrighthalfcircle	◗
\downarrow	↓
\eulermascheroni	ℇ
\minusdot	⨪
\revangle	⦣
\gtrdot	⋗
\circledR	®
\nVdash	⊮
\downarrowbarred	⤈
\veeodot	⩒
\leq	≤
\sansC	𝖢
\biupsilon	𝝊
\nsime	≄
\parallel	∥
\squarehfill	▤
\NotRightTriangleBar	⧐̸
\scru	𝓊
\Digamma	Ϝ
\bsansSigma	𝝨
\PropertyLine	⅊
\leftleftarrows	⇇
\nvDash	⊭
\frakm	𝔪
\bfC	𝐂
\verti	ˌ
\Rrightarrow	⇛
\eqless	⋜
\itsigma	𝜎
\bsansphi	𝞍
\toea	⤨
\itf	𝑓
\bbc	𝕔
\frakd	𝔡
\seovnearrow	⤭
\openo	ɔ
\gneqq	≩
\updasharrow	⇡
\bisansP	𝙋
\bsansx	𝘅
\^-	⁻
\downvDash	⫪
\dingasterisk	✽
\sansz	𝗓
\bfRho	𝚸
\1/4	¼
\ttZ	𝚉
\oplus	⊕
\rceil	⌉
\lesdoto	⪁
\uminus	⩁
\leftarrowonoplus	⬲
\ttV	𝚅
\bivarphi	𝝋
\itH	𝐻
\updownarrow	↕
\itG	𝐺
\sansW	𝖶
\cup	∪
\upin	⟒
\ringplus	⨢
\lsimg	⪏
\itm	𝑚
\itbeta	𝛽
\Or	⩔
\longrightsquigarrow	⟿
\rdiagovsearrow	⤰
\gtcir	⩺
\_e	ₑ
\lsqhook	⫍
\tesh	ʧ
\bscrp	𝓹
\varkappa	ϰ
\bbP	ℙ
\bbr	𝕣
\cbrt	∛
\trianglerighteq	⊵
\biF	𝑭
\emptysetocirc	⦲
\Coloneq	⩴
\scrG	𝒢
\euler	ℯ
\bscru	𝓾
\sansd	𝖽
\AA	Å
\frakj	𝔧
\bfalpha	𝛂
\biOmicron	𝜪
\bisansphi	𝟇
\ttone	𝟷
\_(	₍
\bfB	𝐁
\exists	∃
\Nu	Ν
\fhr	ɾ
\bscrJ	𝓙
\Uuparrow	⤊
\biMu	𝜧
\bsansomicron	𝝾
\thickspace	 
\endash	–
\sansU	𝖴
\bisansN	𝙉
\blackcircleulquadwhite	◕
\ttl	𝚕
\bisansvartheta	𝟅
\bsansQ	𝗤
\bizeta	𝜻
\^!	ꜝ
\bsansvarTheta	𝝧
\bbsemi	⨟
\gesdoto	⪂
\bieta	𝜼
\oslash	⊘
\itZeta	𝛧
\itEpsilon	𝛦
\smt	⪪
\scrP	𝒫
\bscrb	𝓫
\sansp	𝗉
\trna	ɐ
\itY	𝑌
\veedot	⟇
\wideangledown	⦦
\bisanse	𝙚
\bby	𝕪
\nor	⊽
\sblhr	˓
\simminussim	⩬
\subsetdot	⪽
\turnediota	℩
\bsanszero	𝟬
\bsansA	𝗔
\join	⨝
\bscrj	𝓳
\bot	⊥
\scrD	𝒟
\frakP	𝔓
\gnsim	⋧
\Chi	Χ
\biO	𝑶
\sqfl	◧
\vertoverlay	⃒
\tripleplus	⧻
\nabla	∇
\scrX	𝒳
\_m	ₘ
\models	⊧
\lneqq	≨
\trnrl	ɺ
\Cup	⋓
\propto	∝
\rtln	ɳ
\bbx	𝕩
\bfPsi	𝚿
\ite	𝑒
\biomega	𝝎
\bbij	ⅉ
\ttF	𝙵
\rq	’
\mlcp	⫛
\leftsquigarrow	⇜
\leftarrowsubset	⥺
